Workbook
Name botaopescaria: BOXSBTH!$K$1

Sheet Resumo Linha 7
A1: Coluna (Título) | B1: Valor fixo Cabeçalhos
A2: Coluna A (Ativo) | B2: valor fixo informado Vem de uma importação de arquivo em excel
A3: Coluna B (Valor) | B3: Linha 7: =RTD("rtdtrading.rtdserver",,A7 & "_B_0","ULT")
A4: Coluna C ( Put) | B4: valor fixo informado Vem de uma importação de arquivo em excel
A5: Coluna D (Strike) | B5: Linha 7: =RTD("rtdtrading.rtdserver",,C7 & "_B_0", "PEX")
A6: Coluna E ( Call) | B6: valor fixo informado Vem de uma importação de arquivo em excel
A7: Coluna F (vcto) | B7: Linha 7: =RTD("rtdtrading.rtdserver",,C7 & "_B_0", "VAL")
A8: Coluna G (Dias) | B8: Linha 7: =F7-TODAY()
A9: Coluna H (CDI) | B9: Linha 7: =1*(1+$C$2)^G7-1
A10: Coluna I (Of. Venda PUT) | B10: Linha 7: =RTD("rtdtrading.rtdserver",,C7 & "_B_0","OVD")
A11: Coluna J (Of. Compra Put) | B11: Linha 7: =RTD("rtdtrading.rtdserver",,C7 & "_B_0", "OCP")
A12: Coluna K (Of. Venda Call) | B12: Linha 7: =RTD("rtdtrading.rtdserver",,E7 & "_B_0","OVD")
... A36: Coluna AI (Tipo de Opção) | B36: valor fixo informado Vem de uma importação de arquivo em excel

Sheet BOXSBTH
A1: CDI Ano | B1: CDI Mês | C1: CDI Dia | M1: Prêmio do CDI Box | N1: =Parametros!B5 -> 1.5
A2: =Parametros!B4 -> 0.15 | B2: =POWER(1+A2,1/12)-1 -> 0.011714917 | C2: =POWER(1+B2,1/30)-1 -> 0.00038830299 | M2: Prêmio do CDI Sbth | N2: =Parametros!B6 -> 1.2 | R2: Execução número : 1
R3: Última atualização: 24/02/2026 14:04:22
M5: Operações encontradas -----------> | O5: =COUNTIFS(Tabela523[TP.Op], ">0", Tabela523[Leilão?], "=0") -> 0
A6: Ativo | B6: Valor Ativo | C6: Cód.Put | D6: Strike | E6: Cód. Call | F6: Vencmimento | G6: Dias | H6: CDI Período | I6: Of. Vda.PUT | J6: Of. Cmp.Put | K6: Of. Vda Call | L6: Of.Cmp.Call | M6: Custo SBTH | N6: % Ganho SBTH | O6: % DO CDI SBTH | P6: CustoBox | Q6: % Ganho Box | R6: % do cdi BOX | S6: 1=BOX | T6: 2= SBTH | U6: TP.Op | V6: Operação | W6: St. Put | X6: St. Call | Y6: St. Ativo | Z6: Leilão? | AA6: CabPut | AB6: Qt.Ult.NegPut | AC6: VovPutBoca | AD6: CabCall | AE6: Qt.Ult.NegPCall | AF6: VocCallBoca | AG6: Liq.PutxLote | AH6: Liq.CallxLote | AI6: Tp.Opção
A7: RADL3 | B7: =RTD("rtdtrading.rtdserver",,A7 & "_B_0","ULT") -> 24.3 | C7: RADLO962 | D7: =RTD("rtdtrading.rtdserver",,C7 & "_B_0", "PEX") -> 9.62 | E7: RADLC962 | F7: =RTD("rtdtrading.rtdserver",,C7 & "_B_0", "VAL") -> 20/03/2026 | G7: =F7-TODAY() -> -52 | H7: =1*(1+$C$2)^Tabela523[[#This Row],[Dias]]-1 -> -0.019985426 | I7: =RTD("rtdtrading.rtdserver",,C7 & "_B_0","OVD") -> 0 | J7: =RTD("rtdtrading.rtdserver",,C7 & "_B_0", "OCP") -> 0 | K7: =RTD("rtdtrading.rtdserver",,E7 & "_B_0","OVD") -> 0 | L7: =RTD("rtdtrading.rtdserver",,E7 & "_B_0", "OCP") -> 0 | M7: =IF((I7>0),((B7+0.01)+I7),0) -> 0 | N7: =IF(M7 >0,((D7-M7)/M7),0) -> 0 | O7: =IF( (N7/$H7)>0, N7/H7,0) -> 0 | P7: =(IF(AND(I7>0,L7>0),(B7+0.01)+(I7-L7),0)) -> 0 | Q7: =IF(P7>0,(D7-P7)/P7,0) -> 0 | R7: =IF(OR(I7=0,L7=0),0,Q7/Tabela523[[#This Row],[CDI Período]]) -> 0 | S7: =IF(Tabela523[[#This Row],[% do cdi BOX]]>$N$1, 1, 0) -> 0 | T7: =IF(Tabela523[[#This Row],[% DO CDI SBTH]]>$N$2,2,0) -> 0 | U7: =Tabela523[[#This Row],[1=BOX]]+Tabela523[[#This Row],[2= SBTH]] -> 0 | V7: =IF(Tabela523[[#This Row],[TP.Op]]=3,"SBTH & BOX",IF(Tabela523[[#This Row],[TP.Op]]=1,"BOX",IF(Tabela523[[#This Row],[TP.Op]]=2,"SBTH",0))) -> 0 | W7: =RTD("rtdtrading.rtdserver",,C7, "EST") -> Fechado | X7: =RTD("rtdtrading.rtdserver",,E7, "EST") -> Fechado | Y7: =RTD("rtdtrading.rtdserver",,A7, "EST") -> Aberto | Z7: =IF(OR(Tabela523[[#This Row],[St. Put]]<>"Aberto", Tabela523[[#This Row],[St. Call]]<>"Aberto", Tabela523[[#This Row],[St. Ativo]]<>"Aberto"), 1, 0) -> 1 | AA7: =RTD("rtdtrading.rtdserver",,C7 & "_B_0","CAB") -> 0 | AB7: =RTD("rtdtrading.rtdserver",,C7 & "_B_0","QUL") -> 0 | AC7: =RTD("rtdtrading.rtdserver",,C7 & "_B_0","VOV") -> 0 | AD7: =RTD("rtdtrading.rtdserver",,E7 & "_B_0","CAB") -> 0 | AE7: =RTD("rtdtrading.rtdserver",,E7 & "_B_0","QUL") -> 0 | AF7: =RTD("rtdtrading.rtdserver",,E7 & "_B_0","VOC") -> 0 | AG7: =Tabela523[[#This Row],[VovPutBoca]]-Parametros!$C$16 -> -1000 | AH7: =Tabela523[[#This Row],[VocCallBoca]]-Parametros!$E$16 -> -1000 | AI7: A
A8: RADL3 | B8: =RTD("rtdtrading.rtdserver",,A8 & "_B_0","ULT") -> 24.3 | C8: RADLO962 | D8: =RTD("rtdtrading.rtdserver",,C8 & "_B_0", "PEX") -> 9.62 | E8: RADLC962 | F8: =RTD("rtdtrading.rtdserver",,C8 & "_B_0", "VAL") -> 20/03/2026 | G8: =F8-TODAY() -> -52 | H8: =1*(1+$C$2)^Tabela523[[#This Row],[Dias]]-1 -> -0.019985426 | I8: =RTD("rtdtrading.rtdserver",,C8 & "_B_0","OVD") -> 0 | J8: =RTD("rtdtrading.rtdserver",,C8 & "_B_0", "OCP") -> 0 | K8: =RTD("rtdtrading.rtdserver",,E8 & "_B_0","OVD") -> 0 | L8: =RTD("rtdtrading.rtdserver",,E8 & "_B_0", "OCP") -> 0 | M8: =IF((I8>0),((B8+0.01)+I8),0) -> 0 | N8: =IF(M8 >0,((D8-M8)/M8),0) -> 0 | O8: =IF( (N8/$H8)>0, N8/H8,0) -> 0 | P8: =(IF(AND(I8>0,L8>0),(B8+0.01)+(I8-L8),0)) -> 0 | Q8: =IF(P8>0,(D8-P8)/P8,0) -> 0 | R8: =IF(OR(I8=0,L8=0),0,Q8/Tabela523[[#This Row],[CDI Período]]) -> 0 | S8: =IF(Tabela523[[#This Row],[% do cdi BOX]]>$N$1, 1, 0) -> 0 | T8: =IF(Tabela523[[#This Row],[% DO CDI SBTH]]>$N$2,2,0) -> 0 | U8: =Tabela523[[#This Row],[1=BOX]]+Tabela523[[#This Row],[2= SBTH]] -> 0 | V8: =IF(Tabela523[[#This Row],[TP.Op]]=3,"SBTH & BOX",IF(Tabela523[[#This Row],[TP.Op]]=1,"BOX",IF(Tabela523[[#This Row],[TP.Op]]=2,"SBTH",0))) -> 0 | W8: =RTD("rtdtrading.rtdserver",,C8, "EST") -> Fechado | X8: =RTD("rtdtrading.rtdserver",,E8, "EST") -> Fechado | Y8: =RTD("rtdtrading.rtdserver",,A8, "EST") -> Aberto | Z8: =IF(OR(Tabela523[[#This Row],[St. Put]]<>"Aberto", Tabela523[[#This Row],[St. Call]]<>"Aberto", Tabela523[[#This Row],[St. Ativo]]<>"Aberto"), 1, 0) -> 1 | AA8: =RTD("rtdtrading.rtdserver",,C8 & "_B_0","CAB") -> 0 | AB8: =RTD("rtdtrading.rtdserver",,C8 & "_B_0","QUL") -> 0 | AC8: =RTD("rtdtrading.rtdserver",,C8 & "_B_0","VOV") -> 0 | AD8: =RTD("rtdtrading.rtdserver",,E8 & "_B_0","CAB") -> 0 | AE8: =RTD("rtdtrading.rtdserver",,E8 & "_B_0","QUL") -> 0 | AF8: =RTD("rtdtrading.rtdserver",,E8 & "_B_0","VOC") -> 0 | AG8: =Tabela523[[#This Row],[VovPutBoca]]-Parametros!$C$16 -> -1000 | AH8: =Tabela523[[#This Row],[VocCallBoca]]-Parametros!$E$16 -> -1000 | AI8: A
A9: VALE3 | B9: =RTD("rtdtrading.rtdserver",,A9 & "_B_0","ULT") -> 87.92 | C9: VALEX998 | D9: =RTD("rtdtrading.rtdserver",,C9 & "_B_0", "PEX") -> 99.96 | E9: VALEL998 | F9: =RTD("rtdtrading.rtdserver",,C9 & "_B_0", "VAL") -> 18/12/2026 | G9: =F9-TODAY() -> 221 | H9: =1*(1+$C$2)^Tabela523[[#This Row],[Dias]]-1 -> 0.08958654 | I9: =RTD("rtdtrading.rtdserver",,C9 & "_B_0","OVD") -> 0 | J9: =RTD("rtdtrading.rtdserver",,C9 & "_B_0", "OCP") -> 0 | K9: =RTD("rtdtrading.rtdserver",,E9 & "_B_0","OVD") -> 0 | L9: =RTD("rtdtrading.rtdserver",,E9 & "_B_0", "OCP") -> 0 | M9: =IF((I9>0),((B9+0.01)+I9),0) -> 0 | N9: =IF(M9 >0,((D9-M9)/M9),0) -> 0 | O9: =IF( (N9/$H9)>0, N9/H9,0) -> 0 | P9: =(IF(AND(I9>0,L9>0),(B9+0.01)+(I9-L9),0)) -> 0 | Q9: =IF(P9>0,(D9-P9)/P9,0) -> 0 | R9: =IF(OR(I9=0,L9=0),0,Q9/Tabela523[[#This Row],[CDI Período]]) -> 0 | S9: =IF(Tabela523[[#This Row],[% do cdi BOX]]>$N$1, 1, 0) -> 0 | T9: =IF(Tabela523[[#This Row],[% DO CDI SBTH]]>$N$2,2,0) -> 0 | U9: =Tabela523[[#This Row],[1=BOX]]+Tabela523[[#This Row],[2= SBTH]] -> 0 | V9: =IF(Tabela523[[#This Row],[TP.Op]]=3,"SBTH & BOX",IF(Tabela523[[#This Row],[TP.Op]]=1,"BOX",IF(Tabela523[[#This Row],[TP.Op]]=2,"SBTH",0))) -> 0 | W9: =RTD("rtdtrading.rtdserver",,C9, "EST") -> Aberto | X9: =RTD("rtdtrading.rtdserver",,E9, "EST") -> Aberto | Y9: =RTD("rtdtrading.rtdserver",,A9, "EST") -> Aberto | Z9: =IF(OR(Tabela523[[#This Row],[St. Put]]<>"Aberto", Tabela523[[#This Row],[St. Call]]<>"Aberto", Tabela523[[#This Row],[St. Ativo]]<>"Aberto"), 1, 0) -> 0 | AA9: =RTD("rtdtrading.rtdserver",,C9 & "_B_0","CAB") -> 100 | AB9: =RTD("rtdtrading.rtdserver",,C9 & "_B_0","QUL") -> 0 | AC9: =RTD("rtdtrading.rtdserver",,C9 & "_B_0","VOV") -> 0 | AD9: =RTD("rtdtrading.rtdserver",,E9 & "_B_0","CAB") -> 123500 | AE9: =RTD("rtdtrading.rtdserver",,E9 & "_B_0","QUL") -> 0 | AF9: =RTD("rtdtrading.rtdserver",,E9 & "_B_0","VOC") -> 0 | AG9: =Tabela523[[#This Row],[VovPutBoca]]-Parametros!$C$16 -> -1000 | AH9: =Tabela523[[#This Row],[VocCallBoca]]-Parametros!$E$16 -> -1000 | AI9: E
A10: ITUB4 | B10: =RTD("rtdtrading.rtdserver",,A10 & "_B_0","ULT") -> 46.54 | C10: ITUBW507 | D10: =RTD("rtdtrading.rtdserver",,C10 & "_B_0", "PEX") -> 46.7 | E10: ITUBK507 | F10: =RTD("rtdtrading.rtdserver",,C10 & "_B_0", "VAL") -> 19/11/2026 | G10: =F10-TODAY() -> 192 | H10: =1*(1+$C$2)^Tabela523[[#This Row],[Dias]]-1 -> 0.077388118 | I10: =RTD("rtdtrading.rtdserver",,C10 & "_B_0","OVD") -> 0 | J10: =RTD("rtdtrading.rtdserver",,C10 & "_B_0", "OCP") -> 0 | K10: =RTD("rtdtrading.rtdserver",,E10 & "_B_0","OVD") -> 6.18 | L10: =RTD("rtdtrading.rtdserver",,E10 & "_B_0", "OCP") -> 5.03 | M10: =IF((I10>0),((B10+0.01)+I10),0) -> 0 | N10: =IF(M10 >0,((D10-M10)/M10),0) -> 0 | O10: =IF( (N10/$H10)>0, N10/H10,0) -> 0 | P10: =(IF(AND(I10>0,L10>0),(B10+0.01)+(I10-L10),0)) -> 0 | Q10: =IF(P10>0,(D10-P10)/P10,0) -> 0 | R10: =IF(OR(I10=0,L10=0),0,Q10/Tabela523[[#This Row],[CDI Período]]) -> 0 | S10: =IF(Tabela523[[#This Row],[% do cdi BOX]]>$N$1, 1, 0) -> 0 | T10: =IF(Tabela523[[#This Row],[% DO CDI SBTH]]>$N$2,2,0) -> 0 | U10: =Tabela523[[#This Row],[1=BOX]]+Tabela523[[#This Row],[2= SBTH]] -> 0 | V10: =IF(Tabela523[[#This Row],[TP.Op]]=3,"SBTH & BOX",IF(Tabela523[[#This Row],[TP.Op]]=1,"BOX",IF(Tabela523[[#This Row],[TP.Op]]=2,"SBTH",0))) -> 0 | W10: =RTD("rtdtrading.rtdserver",,C10, "EST") -> Aberto | X10: =RTD("rtdtrading.rtdserver",,E10, "EST") -> Aberto | Y10: =RTD("rtdtrading.rtdserver",,A10, "EST") -> Aberto | Z10: =IF(OR(Tabela523[[#This Row],[St. Put]]<>"Aberto", Tabela523[[#This Row],[St. Call]]<>"Aberto", Tabela523[[#This Row],[St. Ativo]]<>"Aberto"), 1, 0) -> 0 | AA10: =RTD("rtdtrading.rtdserver",,C10 & "_B_0","CAB") -> 500 | AB10: =RTD("rtdtrading.rtdserver",,C10 & "_B_0","QUL") -> 0 | AC10: =RTD("rtdtrading.rtdserver",,C10 & "_B_0","VOV") -> 0 | AD10: =RTD("rtdtrading.rtdserver",,E10 & "_B_0","CAB") -> 364662 | AE10: =RTD("rtdtrading.rtdserver",,E10 & "_B_0","QUL") -> 100 | AF10: =RTD("rtdtrading.rtdserver",,E10 & "_B_0","VOC") -> 700 | AG10: =Tabela523[[#This Row],[VovPutBoca]]-Parametros!$C$16 -> -1000 | AH10: =Tabela523[[#This Row],[VocCallBoca]]-Parametros!$E$16 -> -300 | AI10: A
A11: ITUB4 | B11: =RTD("rtdtrading.rtdserver",,A11 & "_B_0","ULT") -> 46.54 | C11: ITUBV507 | D11: =RTD("rtdtrading.rtdserver",,C11 & "_B_0", "PEX") -> 46.7 | E11: ITUBJ507 | F11: =RTD("rtdtrading.rtdserver",,C11 & "_B_0", "VAL") -> 16/10/2026 | G11: =F11-TODAY() -> 158 | H11: =1*(1+$C$2)^Tabela523[[#This Row],[Dias]]-1 -> 0.063260323 | I11: =RTD("rtdtrading.rtdserver",,C11 & "_B_0","OVD") -> 0 | J11: =RTD("rtdtrading.rtdserver",,C11 & "_B_0", "OCP") -> 0 | K11: =RTD("rtdtrading.rtdserver",,E11 & "_B_0","OVD") -> 6.18 | L11: =RTD("rtdtrading.rtdserver",,E11 & "_B_0", "OCP") -> 0 | M11: =IF((I11>0),((B11+0.01)+I11),0) -> 0 | N11: =IF(M11 >0,((D11-M11)/M11),0) -> 0 | O11: =IF( (N11/$H11)>0, N11/H11,0) -> 0 | P11: =(IF(AND(I11>0,L11>0),(B11+0.01)+(I11-L11),0)) -> 0 | Q11: =IF(P11>0,(D11-P11)/P11,0) -> 0 | R11: =IF(OR(I11=0,L11=0),0,Q11/Tabela523[[#This Row],[CDI Período]]) -> 0 | S11: =IF(Tabela523[[#This Row],[% do cdi BOX]]>$N$1, 1, 0) -> 0 | T11: =IF(Tabela523[[#This Row],[% DO CDI SBTH]]>$N$2,2,0) -> 0 | U11: =Tabela523[[#This Row],[1=BOX]]+Tabela523[[#This Row],[2= SBTH]] -> 0 | V11: =IF(Tabela523[[#This Row],[TP.Op]]=3,"SBTH & BOX",IF(Tabela523[[#This Row],[TP.Op]]=1,"BOX",IF(Tabela523[[#This Row],[TP.Op]]=2,"SBTH",0))) -> 0 | W11: =RTD("rtdtrading.rtdserver",,C11, "EST") -> Aberto | X11: =RTD("rtdtrading.rtdserver",,E11, "EST") -> Aberto | Y11: =RTD("rtdtrading.rtdserver",,A11, "EST") -> Aberto | Z11: =IF(OR(Tabela523[[#This Row],[St. Put]]<>"Aberto", Tabela523[[#This Row],[St. Call]]<>"Aberto", Tabela523[[#This Row],[St. Ativo]]<>"Aberto"), 1, 0) -> 0 | AA11: =RTD("rtdtrading.rtdserver",,C11 & "_B_0","CAB") -> 700 | AB11: =RTD("rtdtrading.rtdserver",,C11 & "_B_0","QUL") -> 0 | AC11: =RTD("rtdtrading.rtdserver",,C11 & "_B_0","VOV") -> 0 | AD11: =RTD("rtdtrading.rtdserver",,E11 & "_B_0","CAB") -> 1532040 | AE11: =RTD("rtdtrading.rtdserver",,E11 & "_B_0","QUL") -> 0 | AF11: =RTD("rtdtrading.rtdserver",,E11 & "_B_0","VOC") -> 0 | AG11: =Tabela523[[#This Row],[VovPutBoca]]-Parametros!$C$16 -> -1000 | AH11: =Tabela523[[#This Row],[VocCallBoca]]-Parametros!$E$16 -> -1000 | AI11: E
A12: VALE3 | B12: =RTD("rtdtrading.rtdserver",,A12 & "_B_0","ULT") -> 87.92 | C12: VALEX999 | D12: =RTD("rtdtrading.rtdserver",,C12 & "_B_0", "PEX") -> 94.96 | E12: VALEL999 | F12: =RTD("rtdtrading.rtdserver",,C12 & "_B_0", "VAL") -> 18/12/2026 | G12: =F12-TODAY() -> 221 | H12: =1*(1+$C$2)^Tabela523[[#This Row],[Dias]]-1 -> 0.08958654 | I12: =RTD("rtdtrading.rtdserver",,C12 & "_B_0","OVD") -> 0 | J12: =RTD("rtdtrading.rtdserver",,C12 & "_B_0", "OCP") -> 0 | K12: =RTD("rtdtrading.rtdserver",,E12 & "_B_0","OVD") -> 0 | L12: =RTD("rtdtrading.rtdserver",,E12 & "_B_0", "OCP") -> 0 | M12: =IF((I12>0),((B12+0.01)+I12),0) -> 0 | N12: =IF(M12 >0,((D12-M12)/M12),0) -> 0 | O12: =IF( (N12/$H12)>0, N12/H12,0) -> 0 | P12: =(IF(AND(I12>0,L12>0),(B12+0.01)+(I12-L12),0)) -> 0 | Q12: =IF(P12>0,(D12-P12)/P12,0) -> 0 | R12: =IF(OR(I12=0,L12=0),0,Q12/Tabela523[[#This Row],[CDI Período]]) -> 0 | S12: =IF(Tabela523[[#This Row],[% do cdi BOX]]>$N$1, 1, 0) -> 0 | T12: =IF(Tabela523[[#This Row],[% DO CDI SBTH]]>$N$2,2,0) -> 0 | U12: =Tabela523[[#This Row],[1=BOX]]+Tabela523[[#This Row],[2= SBTH]] -> 0 | V12: =IF(Tabela523[[#This Row],[TP.Op]]=3,"SBTH & BOX",IF(Tabela523[[#This Row],[TP.Op]]=1,"BOX",IF(Tabela523[[#This Row],[TP.Op]]=2,"SBTH",0))) -> 0 | W12: =RTD("rtdtrading.rtdserver",,C12, "EST") -> Aberto | X12: =RTD("rtdtrading.rtdserver",,E12, "EST") -> Aberto | Y12: =RTD("rtdtrading.rtdserver",,A12, "EST") -> Aberto | Z12: =IF(OR(Tabela523[[#This Row],[St. Put]]<>"Aberto", Tabela523[[#This Row],[St. Call]]<>"Aberto", Tabela523[[#This Row],[St. Ativo]]<>"Aberto"), 1, 0) -> 0 | AA12: =RTD("rtdtrading.rtdserver",,C12 & "_B_0","CAB") -> 0 | AB12: =RTD("rtdtrading.rtdserver",,C12 & "_B_0","QUL") -> 0 | AC12: =RTD("rtdtrading.rtdserver",,C12 & "_B_0","VOV") -> 0 | AD12: =RTD("rtdtrading.rtdserver",,E12 & "_B_0","CAB") -> 504800 | AE12: =RTD("rtdtrading.rtdserver",,E12 & "_B_0","QUL") -> 0 | AF12: =RTD("rtdtrading.rtdserver",,E12 & "_B_0","VOC") -> 0 | AG12: =Tabela523[[#This Row],[VovPutBoca]]-Parametros!$C$16 -> -1000 | AH12: =Tabela523[[#This Row],[VocCallBoca]]-Parametros!$E$16 -> -1000 | AI12: E
A13: PETR4 | B13: =RTD("rtdtrading.rtdserver",,A13 & "_B_0","ULT") -> 47.9 | C13: PETRP710 | D13: =RTD("rtdtrading.rtdserver",,C13 & "_B_0", "PEX") -> 70.15 | E13: PETRD710 | F13: =RTD("rtdtrading.rtdserver",,C13 & "_B_0", "VAL") -> 17/04/2026 | G13: =F13-TODAY() -> -24 | H13: =1*(1+$C$2)^Tabela523[[#This Row],[Dias]]-1 -> -0.0092741898 | I13: =RTD("rtdtrading.rtdserver",,C13 & "_B_0","OVD") -> 22.65 | J13: =RTD("rtdtrading.rtdserver",,C13 & "_B_0", "OCP") -> 21.4 | K13: =RTD("rtdtrading.rtdserver",,E13 & "_B_0","OVD") -> 0.01 | L13: =RTD("rtdtrading.rtdserver",,E13 & "_B_0", "OCP") -> 0 | M13: =IF((I13>0),((B13+0.01)+I13),0) -> 70.56 | N13: =IF(M13 >0,((D13-M13)/M13),0) -> -0.0058106576 | O13: =IF( (N13/$H13)>0, N13/H13,0) -> 0.62654073 | P13: =(IF(AND(I13>0,L13>0),(B13+0.01)+(I13-L13),0)) -> 0 | Q13: =IF(P13>0,(D13-P13)/P13,0) -> 0 | R13: =IF(OR(I13=0,L13=0),0,Q13/Tabela523[[#This Row],[CDI Período]]) -> 0 | S13: =IF(Tabela523[[#This Row],[% do cdi BOX]]>$N$1, 1, 0) -> 0 | T13: =IF(Tabela523[[#This Row],[% DO CDI SBTH]]>$N$2,2,0) -> 0 | U13: =Tabela523[[#This Row],[1=BOX]]+Tabela523[[#This Row],[2= SBTH]] -> 0 | V13: =IF(Tabela523[[#This Row],[TP.Op]]=3,"SBTH & BOX",IF(Tabela523[[#This Row],[TP.Op]]=1,"BOX",IF(Tabela523[[#This Row],[TP.Op]]=2,"SBTH",0))) -> 0 | W13: =RTD("rtdtrading.rtdserver",,C13, "EST") -> Aberto | X13: =RTD("rtdtrading.rtdserver",,E13, "EST") -> Aberto | Y13: =RTD("rtdtrading.rtdserver",,A13, "EST") -> Aberto | Z13: =IF(OR(Tabela523[[#This Row],[St. Put]]<>"Aberto", Tabela523[[#This Row],[St. Call]]<>"Aberto", Tabela523[[#This Row],[St. Ativo]]<>"Aberto"), 1, 0) -> 0 | AA13: =RTD("rtdtrading.rtdserver",,C13 & "_B_0","CAB") -> 42700 | AB13: =RTD("rtdtrading.rtdserver",,C13 & "_B_0","QUL") -> 0 | AC13: =RTD("rtdtrading.rtdserver",,C13 & "_B_0","VOV") -> 3300 | AD13: =RTD("rtdtrading.rtdserver",,E13 & "_B_0","CAB") -> 274800 | AE13: =RTD("rtdtrading.rtdserver",,E13 & "_B_0","QUL") -> 0 | AF13: =RTD("rtdtrading.rtdserver",,E13 & "_B_0","VOC") -> 0 | AG13: =Tabela523[[#This Row],[VovPutBoca]]-Parametros!$C$16 -> 2300 | AH13: =Tabela523[[#This Row],[VocCallBoca]]-Parametros!$E$16 -> -1000 | AI13: A

Sheet BasketBox
A1: Ativo | B1: Put | C1: Call | D1: Lado1 | E1: Lado2 | F1: Lado3 | G1: Qtd1 | H1: Qtd2 | I1: Qtd3 | J1: Profund1 | K1: Profund2 | L1: Profund3 | M1: Coefic. | N1: Mercado==>> | O1: Data e Hora da Oper. | P1: Tp. Oper. | Q1: Taxa | R1: Vlr.Ativo Sint./Call | S1: of.vdaPutref | T1: Of.cpaCallref | U1: Coefic.Alvo | V1: Coefic.Mercado
A2: PETRC790 | B2: PETRO541 | C2: PETRC541 | D2: C | E2: C | F2: V | G2: 100 | H2: 100 | I2: 100 | J2: 1 | K2: -1 | L2: -1 | M2: 44.987375 | O2: 24/02/2026 13:57:11 | P2: BOX ITM BASKET | Q2: 2,73 | R2: 32.17 | S2: 14.22 | T2: 0.01 | U2: 44.987375 | V2: 46.38
A3: PETRC225 | B3: PETRO541 | C3: PETRC541 | D3: C | E3: C | F3: V | G3: 100 | H3: 100 | I3: 100 | J3: 1 | K3: -1 | L3: -1 | M3: 51.309925 | O3: 24/02/2026 13:57:11 | P3: BOX ITM BASKET | Q3: 2,73 | R3: 38.67 | S3: 14.22 | T3: 0.01 | U3: 51.309925 | V3: 52.88
A4: PETRC740 | B4: PETRO541 | C4: PETRC541 | D4: C | E4: C | F4: V | G4: 100 | H4: 100 | I4: 100 | J4: 1 | K4: -1 | L4: -1 | M4: 45.473725 | O4: 24/02/2026 13:57:11 | P4: BOX ITM BASKET | Q4: 2,73 | R4: 32.67 | S4: 14.22 | T4: 0.01 | U4: 45.473725 | V4: 46.88
A5: PETRC770 | B5: PETRO541 | C5: PETRC541 | D5: C | E5: C | F5: V | G5: 100 | H5: 100 | I5: 100 | J5: 1 | K5: -1 | L5: -1 | M5: 45.181915 | O5: 24/02/2026 13:57:11 | P5: BOX ITM BASKET | Q5: 2,73 | R5: 32.37 | S5: 14.22 | T5: 0.01 | U5: 45.181915 | V5: 46.58
A6: PETRC146 | B6: PETRO541 | C6: PETRC541 | D6: C | E6: C | F6: V | G6: 100 | H6: 100 | I6: 100 | J6: 1 | K6: -1 | L6: -1 | M6: 40.610225 | O6: 24/02/2026 13:57:11 | P6: BOX ITM BASKET | Q6: 2,73 | R6: 27.66 | S6: 14.22 | T6: 0.01 | U6: 40.610225 | V6: 41.87
A7: PETRC167 | B7: PETRO541 | C7: PETRC541 | D7: C | E7: C | F7: V | G7: 100 | H7: 100 | I7: 100 | J7: 1 | K7: -1 | L7: -1 | M7: 37.205775 | O7: 24/02/2026 13:57:11 | P7: BOX ITM BASKET | Q7: 2,73 | R7: 24.16 | S7: 14.22 | T7: 0.01 | U7: 37.205775 | V7: 38.37
A8: PETRC100 | B8: PETRO541 | C8: PETRC541 | D8: C | E8: C | F8: V | G8: 100 | H8: 100 | I8: 100 | J8: 1 | K8: -1 | L8: -1 | M8: 43.7715 | O8: 24/02/2026 13:57:12 | P8: BOX ITM BASKET | Q8: 2,73 | R8: 30.92 | S8: 14.22 | T8: 0.01 | U8: 43.7715 | V8: 45.13
A9: PETRC22 | B9: PETRO541 | C9: PETRC541 | D9: C | E9: C | F9: V | G9: 100 | H9: 100 | I9: 100 | J9: 1 | K9: -1 | L9: -1 | M9: 31.61275 | O9: 24/02/2026 13:57:12 | P9: BOX ITM BASKET | Q9: 2,73 | R9: 18.41 | S9: 14.22 | T9: 0.01 | U9: 31.61275 | V9: 32.62
A10: PETRC282 | B10: PETRO541 | C10: PETRC541 | D10: C | E10: C | F10: V | G10: 100 | H10: 100 | I10: 100 | J10: 1 | K10: -1 | L10: -1 | M10: 26.019725 | O10: 24/02/2026 13:57:12 | P10: BOX ITM BASKET | Q10: 2,73 | R10: 12.66 | S10: 14.22 | T10: 0.01 | U10: 26.019725 | V10: 26.87
A11: PETRC20 | B11: PETRO541 | C11: PETRC541 | D11: C | E11: C | F11: V | G11: 100 | H11: 100 | I11: 100 | J11: 1 | K11: -1 | L11: -1 | M11: 34.0445 | O11: 24/02/2026 13:57:12 | P11: BOX ITM BASKET | Q11: 2,73 | R11: 20.59 | S11: 14.22 | T11: 0.01 | U11: 34.0445 | V11: 34.8
A12: PETRC280 | B12: PETRO541 | C12: PETRC541 | D12: C | E12: C | F12: V | G12: 100 | H12: 100 | I12: 100 | J12: 1 | K12: -1 | L12: -1 | M12: 26.2629 | O12: 24/02/2026 13:57:12 | P12: BOX ITM BASKET | Q12: 2,73 | R12: 12.91 | S12: 14.22 | T12: 0.01 | U12: 26.2629 | V12: 27.12
A13: PETRC277 | B13: PETRO541 | C13: PETRC541 | D13: C | E13: C | F13: V | G13: 100 | H13: 100 | I13: 100 | J13: 1 | K13: -1 | L13: -1 | M13: 26.506075 | O13: 24/02/2026 13:57:12 | P13: BOX ITM BASKET | Q13: 2,73 | R13: 13.16 | S13: 14.22 | T13: 0.01 | U13: 26.506075 | V13: 27.37
... A64: PETRC110 | B64: PETRO541 | C64: PETRC541 | D64: C | E64: C | F64: V | G64: 100 | H64: 100 | I64: 100 | J64: 1 | K64: -1 | L64: -1 | M64: 42.7988 | O64: 24/02/2026 13:57:12 | P64: BOX ITM BASKET | Q64: 2,73 | R64: 29.91 | S64: 14.22 | T64: 0.01 | U64: 42.7988 | V64: 44.12

Sheet Parametros
A2: Parâmetros Gerais | K2: 1 | L2: 3 | M2: 3
A3: Mensagem via Telegram(S/N): | B3: FALSE
A4: Taxa Selic ou CDI / a.a. em % | B4: 0.15
A5: Prêmio de Risco Box | B5: 1.5
A6: Prêmio de Risco Sbth | B6: 1.2
A8: SBTH | C8: Lote Padrão
A9: Qtde.Compra Ativo | B9: Profundidade book Ativo | C9: Qtde. Compra PUT | D9: Profundidade book PUT
A10: 1000 | B10: 1 | C10: 1000 | D10: -1
A14: Box 3 pontas comprado | C14: Lote Padrão | E14: Lote Padrão
A15: Qtde.Compra Ativo | B15: Profundidade book Ativo | C15: Qtde. Compra PUT | D15: Profundidade book PUT | E15: Qtde. Venda Call | F15: Profundidade book Call
A16: 1000 | B16: 1 | C16: 1000 | D16: -1 | E16: 1000 | F16: 1
A17: Box 3 pontas comprado Sintético Call ITM
A18: Prêmio de Risco Box sintético c call | B18: 3
A19: Qtde.Compra Ativo | B19: Profundidade book Ativo | C19: Qtde. Compra PUT | D19: Profundidade book PUT | E19: Qtde. Venda Call | F19: Profundidade book Call
A20: 100 | B20: 1 | C20: 100 | D20: -1 | E20: 100 | F20: -1

Sheet Exportados
H1: Log de Operações
A3: Ativo | B3: Put | C3: Call | D3: Lado1 | E3: Lado2 | F3: Lado3 | G3: Qtd1 | H3: Qtd2 | I3: Qtd3 | J3: Profund1 | K3: Profund2 | L3: Profund3 | M3: Coefic. | O3: Data e Hora da Oper. | P3: Tp. Oper.
A4: VALE3 | B4: VALEO876 | C4: VALEC876 | D4: C | E4: C | F4: V | G4: 1000 | H4: 1000 | I4: 1000 | J4: 1 | K4: -1 | L4: 1 | M4: 85.88 | O4: 19/02/2026 11:03:26 | P4: BOX
A5: VALE3 | B5: VALEO831 | C5: VALEC831 | D5: C | E5: C | F5: V | G5: 1000 | H5: 1000 | I5: 1000 | J5: 1 | K5: -1 | L5: 1 | M5: 81.34 | O5: 19/02/2026 11:03:56 | P5: BOX
A6: VALE3 | B6: VALEO725 | C6: VALEC725 | D6: C | E6: C | F6: V | G6: 1000 | H6: 1000 | I6: 1000 | J6: 1 | K6: -1 | L6: 1 | M6: 67.54 | O6: 19/02/2026 11:20:40 | P6: BOX
